1774228213,leaf-websocket,26.45%,193.1MiB / 3GiB
1774228213,leaf-sideeffects-worker,0.80%,27.83MiB / 1GiB
1774228213,leaf-redis,8.16%,120MiB / 1.5GiB
1774228216,leaf-websocket,90.25%,193.5MiB / 3GiB
1774228216,leaf-sideeffects-worker,0.62%,27.94MiB / 1GiB
1774228216,leaf-redis,30.29%,120.4MiB / 1.5GiB
1774228219,leaf-websocket,29.18%,194.3MiB / 3GiB
1774228219,leaf-sideeffects-worker,3.77%,28.84MiB / 1GiB
1774228219,leaf-redis,6.93%,120.4MiB / 1.5GiB
1774228222,leaf-websocket,10.80%,193.5MiB / 3GiB
1774228222,leaf-sideeffects-worker,0.84%,28.97MiB / 1GiB
1774228222,leaf-redis,7.06%,120.4MiB / 1.5GiB
1774228225,leaf-websocket,11.24%,193.8MiB / 3GiB
1774228225,leaf-sideeffects-worker,0.85%,29.18MiB / 1GiB
1774228225,leaf-redis,5.55%,120.4MiB / 1.5GiB
1774228228,leaf-websocket,11.70%,193.8MiB / 3GiB
1774228228,leaf-sideeffects-worker,0.79%,29.3MiB / 1GiB
1774228228,leaf-redis,5.76%,120.4MiB / 1.5GiB
1774228231,leaf-websocket,11.52%,194.5MiB / 3GiB
1774228231,leaf-sideeffects-worker,0.80%,28.58MiB / 1GiB
1774228231,leaf-redis,5.38%,120.4MiB / 1.5GiB
1774228234,leaf-websocket,17.87%,194.7MiB / 3GiB
1774228234,leaf-sideeffects-worker,0.77%,28.58MiB / 1GiB
1774228234,leaf-redis,5.79%,120MiB / 1.5GiB
1774228237,leaf-websocket,12.36%,194.5MiB / 3GiB
1774228237,leaf-sideeffects-worker,27.46%,28.59MiB / 1GiB
1774228237,leaf-redis,8.44%,120MiB / 1.5GiB
1774228240,leaf-websocket,8.09%,193.8MiB / 3GiB
1774228240,leaf-sideeffects-worker,1.40%,28.72MiB / 1GiB
1774228240,leaf-redis,5.06%,120.1MiB / 1.5GiB
1774228243,leaf-websocket,21.15%,194.4MiB / 3GiB
1774228243,leaf-sideeffects-worker,2.03%,28.45MiB / 1GiB
1774228243,leaf-redis,8.76%,120.1MiB / 1.5GiB
1774228246,leaf-websocket,23.50%,195.7MiB / 3GiB
1774228246,leaf-sideeffects-worker,2.16%,28.56MiB / 1GiB
1774228246,leaf-redis,7.16%,120.1MiB / 1.5GiB
1774228249,leaf-websocket,14.13%,194.1MiB / 3GiB
1774228249,leaf-sideeffects-worker,1.06%,28.32MiB / 1GiB
1774228249,leaf-redis,5.62%,120.1MiB / 1.5GiB
1774228252,leaf-websocket,12.93%,194.8MiB / 3GiB
1774228252,leaf-sideeffects-worker,0.77%,28.43MiB / 1GiB
1774228252,leaf-redis,43.24%,122.9MiB / 1.5GiB
1774228255,leaf-websocket,25.53%,194.7MiB / 3GiB
1774228255,leaf-sideeffects-worker,0.96%,28.62MiB / 1GiB
1774228255,leaf-redis,5.50%,120.1MiB / 1.5GiB
1774228258,leaf-websocket,13.75%,195.1MiB / 3GiB
1774228258,leaf-sideeffects-worker,1.09%,28.05MiB / 1GiB
1774228258,leaf-redis,5.75%,120.1MiB / 1.5GiB
1774228261,leaf-websocket,11.99%,195.1MiB / 3GiB
1774228261,leaf-sideeffects-worker,0.97%,28.2MiB / 1GiB
1774228261,leaf-redis,6.94%,120.1MiB / 1.5GiB
1774228265,leaf-websocket,22.07%,194MiB / 3GiB
1774228265,leaf-sideeffects-worker,0.93%,28.35MiB / 1GiB
1774228265,leaf-redis,5.40%,120.1MiB / 1.5GiB
1774228268,leaf-websocket,11.55%,194.8MiB / 3GiB
1774228268,leaf-sideeffects-worker,59.68%,28.48MiB / 1GiB
1774228268,leaf-redis,4.76%,120.1MiB / 1.5GiB
1774228271,leaf-websocket,19.34%,194.4MiB / 3GiB
1774228271,leaf-sideeffects-worker,1.83%,28.16MiB / 1GiB
1774228271,leaf-redis,5.53%,120.1MiB / 1.5GiB
1774228274,leaf-websocket,29.45%,194MiB / 3GiB
1774228274,leaf-sideeffects-worker,0.88%,28.29MiB / 1GiB
1774228274,leaf-redis,7.41%,120.1MiB / 1.5GiB
1774228277,leaf-websocket,64.07%,194.3MiB / 3GiB
1774228277,leaf-sideeffects-worker,1.16%,28.25MiB / 1GiB
1774228277,leaf-redis,22.02%,120.5MiB / 1.5GiB
1774228280,leaf-websocket,14.59%,194.7MiB / 3GiB
1774228280,leaf-sideeffects-worker,0.89%,28.78MiB / 1GiB
1774228280,leaf-redis,5.34%,120.5MiB / 1.5GiB
1774228283,leaf-websocket,13.09%,195.9MiB / 3GiB
1774228283,leaf-sideeffects-worker,1.19%,28.19MiB / 1GiB
1774228283,leaf-redis,5.79%,120.5MiB / 1.5GiB
1774228286,leaf-websocket,9.47%,195.3MiB / 3GiB
1774228286,leaf-sideeffects-worker,0.75%,28.64MiB / 1GiB
1774228286,leaf-redis,8.97%,120.5MiB / 1.5GiB
1774228289,leaf-websocket,11.74%,196.1MiB / 3GiB
1774228289,leaf-sideeffects-worker,1.07%,28.87MiB / 1GiB
1774228289,leaf-redis,5.51%,120.5MiB / 1.5GiB
1774228292,leaf-websocket,8.69%,195.9MiB / 3GiB
1774228292,leaf-sideeffects-worker,0.78%,28.99MiB / 1GiB
1774228292,leaf-redis,5.19%,120.5MiB / 1.5GiB
1774228295,leaf-websocket,20.71%,197.2MiB / 3GiB
1774228295,leaf-sideeffects-worker,0.90%,28.29MiB / 1GiB
1774228295,leaf-redis,5.16%,120.2MiB / 1.5GiB
1774228298,leaf-websocket,11.48%,195.3MiB / 3GiB
1774228298,leaf-sideeffects-worker,45.88%,56.11MiB / 1GiB
1774228298,leaf-redis,5.41%,120.2MiB / 1.5GiB
1774228301,leaf-websocket,8.79%,195.7MiB / 3GiB
1774228301,leaf-sideeffects-worker,0.84%,28.66MiB / 1GiB
1774228301,leaf-redis,5.07%,120.2MiB / 1.5GiB
1774228304,leaf-websocket,16.40%,195.8MiB / 3GiB
1774228304,leaf-sideeffects-worker,0.79%,28.76MiB / 1GiB
1774228304,leaf-redis,4.93%,120.2MiB / 1.5GiB
1774228307,leaf-websocket,10.02%,195.8MiB / 3GiB
1774228307,leaf-sideeffects-worker,0.86%,28.87MiB / 1GiB
1774228307,leaf-redis,5.24%,120.2MiB / 1.5GiB
1774228310,leaf-websocket,7.97%,195.9MiB / 3GiB
1774228310,leaf-sideeffects-worker,0.85%,28.97MiB / 1GiB
1774228310,leaf-redis,5.31%,120.2MiB / 1.5GiB
1774228313,leaf-websocket,8.28%,195.8MiB / 3GiB
1774228313,leaf-sideeffects-worker,0.71%,28.32MiB / 1GiB
1774228313,leaf-redis,38.52%,122.9MiB / 1.5GiB
1774228316,leaf-websocket,9.27%,195.9MiB / 3GiB
1774228316,leaf-sideeffects-worker,0.82%,28.43MiB / 1GiB
1774228316,leaf-redis,5.89%,120.2MiB / 1.5GiB
1774228319,leaf-websocket,13.34%,194.9MiB / 3GiB
1774228319,leaf-sideeffects-worker,0.86%,28.47MiB / 1GiB
1774228319,leaf-redis,5.91%,120.2MiB / 1.5GiB
1774228322,leaf-websocket,8.23%,194.9MiB / 3GiB
1774228322,leaf-sideeffects-worker,0.88%,28.58MiB / 1GiB
1774228322,leaf-redis,8.90%,120.2MiB / 1.5GiB
1774228325,leaf-websocket,7.97%,195MiB / 3GiB
1774228325,leaf-sideeffects-worker,0.79%,28.65MiB / 1GiB
1774228325,leaf-redis,4.42%,120.2MiB / 1.5GiB
1774228328,leaf-websocket,10.54%,195MiB / 3GiB
1774228328,leaf-sideeffects-worker,21.92%,47.67MiB / 1GiB
1774228328,leaf-redis,4.63%,120.2MiB / 1.5GiB
1774228331,leaf-websocket,8.72%,195MiB / 3GiB
1774228331,leaf-sideeffects-worker,0.75%,28.89MiB / 1GiB
1774228331,leaf-redis,4.97%,120.1MiB / 1.5GiB
